{
  "num_sentences": 30,
  "mean_distance": 0.010925197601318359,
  "std_distance": 0.015260449110300927,
  "min_distance": -1.1920928955078125e-07,
  "max_distance": 0.0504152774810791,
  "median_distance": 0.003681778907775879,
  "distances": [
    0.004216253757476807,
    0.0035965442657470703,
    -1.1920928955078125e-07,
    0.003540933132171631,
    0.022263407707214355,
    0.0225447416305542,
    0.016163170337677002,
    0.0013565421104431152,
    0.04936474561691284,
    0.01294773817062378,
    0.0501326322555542,
    0.005079150199890137,
    0.0022809505462646484,
    0.002737879753112793,
    0.0024918317794799805,
    0.0008637309074401855,
    0.0,
    0.0037670135498046875,
    0.016671419143676758,
    0.0504152774810791,
    0.0,
    0.002600550651550293,
    0.0072776079177856445,
    0.0,
    0.0,
    0.009559035301208496,
    0.003995656967163086,
    1.7881393432617188e-07,
    0.03304719924926758,
    0.0008418560028076172
  ],
  "timestamp": "2025-10-28T20:33:58.579209"
}